Question,Answer
common disease affecting rice ?,"Common diseases affecting Rice include fungal, bacterial, and viral infections."
symptom major disease rice ?,"The symptoms of major diseases in Rice include wilting, yellowing of leaves, and stunted growth."
fertilizer recommended rice ?,"Nitrogen, phosphorus, and potassium-based fertilizers are commonly recommended for Rice."
often fertilizer applied rice ?,"Fertilizers should be applied to Rice at key growth stages such as planting, flowering, and fruiting."
weather affect rice growth ?,Extreme weather conditions like drought or excess rainfall can adversely affect Rice growth and yield.
preventive measure taken avoid disease rice ?,"Crop rotation, proper irrigation, and timely pesticide application help prevent disease in Rice."
pesticide effective controlling pest rice ?,"Insecticides and fungicides, such as neem oil and carbendazim, help control pests in Rice."
sign nutrient deficiency rice ?,"Nutrient deficiency in Rice results in yellowing, poor growth, and reduced yield."
best time apply pesticide rice ?,Pesticides should be applied to Rice during early pest infestation stages or as a preventive measure.
improve soil fertility rice ?,"Organic matter addition, crop rotation, and balanced fertilization improve soil fertility for Rice."
common disease affecting maize ?,"Common diseases affecting Maize include fungal, bacterial, and viral infections."
symptom major disease maize ?,"The symptoms of major diseases in Maize include wilting, yellowing of leaves, and stunted growth."
fertilizer recommended maize ?,"Nitrogen, phosphorus, and potassium-based fertilizers are commonly recommended for Maize."
often fertilizer applied maize ?,"Fertilizers should be applied to Maize at key growth stages such as planting, flowering, and fruiting."
weather affect maize growth ?,Extreme weather conditions like drought or excess rainfall can adversely affect Maize growth and yield.
preventive measure taken avoid disease maize ?,"Crop rotation, proper irrigation, and timely pesticide application help prevent disease in Maize."
pesticide effective controlling pest maize ?,"Insecticides and fungicides, such as neem oil and carbendazim, help control pests in Maize."
sign nutrient deficiency maize ?,"Nutrient deficiency in Maize results in yellowing, poor growth, and reduced yield."
best time apply pesticide maize ?,Pesticides should be applied to Maize during early pest infestation stages or as a preventive measure.
improve soil fertility maize ?,"Organic matter addition, crop rotation, and balanced fertilization improve soil fertility for Maize."
common disease affecting groundnut ?,"Common diseases affecting Groundnut include fungal, bacterial, and viral infections."
symptom major disease groundnut ?,"The symptoms of major diseases in Groundnut include wilting, yellowing of leaves, and stunted growth."
fertilizer recommended groundnut ?,"Nitrogen, phosphorus, and potassium-based fertilizers are commonly recommended for Groundnut."
often fertilizer applied groundnut ?,"Fertilizers should be applied to Groundnut at key growth stages such as planting, flowering, and fruiting."
weather affect groundnut growth ?,Extreme weather conditions like drought or excess rainfall can adversely affect Groundnut growth and yield.
preventive measure taken avoid disease groundnut ?,"Crop rotation, proper irrigation, and timely pesticide application help prevent disease in Groundnut."
pesticide effective controlling pest groundnut ?,"Insecticides and fungicides, such as neem oil and carbendazim, help control pests in Groundnut."
sign nutrient deficiency groundnut ?,"Nutrient deficiency in Groundnut results in yellowing, poor growth, and reduced yield."
best time apply pesticide groundnut ?,Pesticides should be applied to Groundnut during early pest infestation stages or as a preventive measure.
improve soil fertility groundnut ?,"Organic matter addition, crop rotation, and balanced fertilization improve soil fertility for Groundnut."
common disease affecting cotton ?,"Common diseases affecting Cotton include fungal, bacterial, and viral infections."
symptom major disease cotton ?,"The symptoms of major diseases in Cotton include wilting, yellowing of leaves, and stunted growth."
fertilizer recommended cotton ?,"Nitrogen, phosphorus, and potassium-based fertilizers are commonly recommended for Cotton."
often fertilizer applied cotton ?,"Fertilizers should be applied to Cotton at key growth stages such as planting, flowering, and fruiting."
weather affect cotton growth ?,Extreme weather conditions like drought or excess rainfall can adversely affect Cotton growth and yield.
preventive measure taken avoid disease cotton ?,"Crop rotation, proper irrigation, and timely pesticide application help prevent disease in Cotton."
pesticide effective controlling pest cotton ?,"Insecticides and fungicides, such as neem oil and carbendazim, help control pests in Cotton."
sign nutrient deficiency cotton ?,"Nutrient deficiency in Cotton results in yellowing, poor growth, and reduced yield."
best time apply pesticide cotton ?,Pesticides should be applied to Cotton during early pest infestation stages or as a preventive measure.
improve soil fertility cotton ?,"Organic matter addition, crop rotation, and balanced fertilization improve soil fertility for Cotton."
common disease affecting sugarcane ?,"Common diseases affecting Sugarcane include fungal, bacterial, and viral infections."
symptom major disease sugarcane ?,"The symptoms of major diseases in Sugarcane include wilting, yellowing of leaves, and stunted growth."
fertilizer recommended sugarcane ?,"Nitrogen, phosphorus, and potassium-based fertilizers are commonly recommended for Sugarcane."
often fertilizer applied sugarcane ?,"Fertilizers should be applied to Sugarcane at key growth stages such as planting, flowering, and fruiting."
weather affect sugarcane growth ?,Extreme weather conditions like drought or excess rainfall can adversely affect Sugarcane growth and yield.
preventive measure taken avoid disease sugarcane ?,"Crop rotation, proper irrigation, and timely pesticide application help prevent disease in Sugarcane."
pesticide effective controlling pest sugarcane ?,"Insecticides and fungicides, such as neem oil and carbendazim, help control pests in Sugarcane."
sign nutrient deficiency sugarcane ?,"Nutrient deficiency in Sugarcane results in yellowing, poor growth, and reduced yield."
best time apply pesticide sugarcane ?,Pesticides should be applied to Sugarcane during early pest infestation stages or as a preventive measure.
improve soil fertility sugarcane ?,"Organic matter addition, crop rotation, and balanced fertilization improve soil fertility for Sugarcane."
common disease affecting chili ?,"Common diseases affecting Chili include fungal, bacterial, and viral infections."
symptom major disease chili ?,"The symptoms of major diseases in Chili include wilting, yellowing of leaves, and stunted growth."
fertilizer recommended chili ?,"Nitrogen, phosphorus, and potassium-based fertilizers are commonly recommended for Chili."
often fertilizer applied chili ?,"Fertilizers should be applied to Chili at key growth stages such as planting, flowering, and fruiting."
weather affect chili growth ?,Extreme weather conditions like drought or excess rainfall can adversely affect Chili growth and yield.
preventive measure taken avoid disease chili ?,"Crop rotation, proper irrigation, and timely pesticide application help prevent disease in Chili."
pesticide effective controlling pest chili ?,"Insecticides and fungicides, such as neem oil and carbendazim, help control pests in Chili."
sign nutrient deficiency chili ?,"Nutrient deficiency in Chili results in yellowing, poor growth, and reduced yield."
best time apply pesticide chili ?,Pesticides should be applied to Chili during early pest infestation stages or as a preventive measure.
improve soil fertility chili ?,"Organic matter addition, crop rotation, and balanced fertilization improve soil fertility for Chili."
common disease affecting turmeric ?,"Common diseases affecting Turmeric include fungal, bacterial, and viral infections."
symptom major disease turmeric ?,"The symptoms of major diseases in Turmeric include wilting, yellowing of leaves, and stunted growth."
fertilizer recommended turmeric ?,"Nitrogen, phosphorus, and potassium-based fertilizers are commonly recommended for Turmeric."
often fertilizer applied turmeric ?,"Fertilizers should be applied to Turmeric at key growth stages such as planting, flowering, and fruiting."
weather affect turmeric growth ?,Extreme weather conditions like drought or excess rainfall can adversely affect Turmeric growth and yield.
preventive measure taken avoid disease turmeric ?,"Crop rotation, proper irrigation, and timely pesticide application help prevent disease in Turmeric."
pesticide effective controlling pest turmeric ?,"Insecticides and fungicides, such as neem oil and carbendazim, help control pests in Turmeric."
sign nutrient deficiency turmeric ?,"Nutrient deficiency in Turmeric results in yellowing, poor growth, and reduced yield."
best time apply pesticide turmeric ?,Pesticides should be applied to Turmeric during early pest infestation stages or as a preventive measure.
improve soil fertility turmeric ?,"Organic matter addition, crop rotation, and balanced fertilization improve soil fertility for Turmeric."
common disease affecting pigeon pea ?,"Common diseases affecting Pigeon Pea include fungal, bacterial, and viral infections."
symptom major disease pigeon pea ?,"The symptoms of major diseases in Pigeon Pea include wilting, yellowing of leaves, and stunted growth."
fertilizer recommended pigeon pea ?,"Nitrogen, phosphorus, and potassium-based fertilizers are commonly recommended for Pigeon Pea."
often fertilizer applied pigeon pea ?,"Fertilizers should be applied to Pigeon Pea at key growth stages such as planting, flowering, and fruiting."
weather affect pigeon pea growth ?,Extreme weather conditions like drought or excess rainfall can adversely affect Pigeon Pea growth and yield.
preventive measure taken avoid disease pigeon pea ?,"Crop rotation, proper irrigation, and timely pesticide application help prevent disease in Pigeon Pea."
pesticide effective controlling pest pigeon pea ?,"Insecticides and fungicides, such as neem oil and carbendazim, help control pests in Pigeon Pea."
sign nutrient deficiency pigeon pea ?,"Nutrient deficiency in Pigeon Pea results in yellowing, poor growth, and reduced yield."
best time apply pesticide pigeon pea ?,Pesticides should be applied to Pigeon Pea during early pest infestation stages or as a preventive measure.
improve soil fertility pigeon pea ?,"Organic matter addition, crop rotation, and balanced fertilization improve soil fertility for Pigeon Pea."
common disease affecting black gram ?,"Common diseases affecting Black Gram include fungal, bacterial, and viral infections."
symptom major disease black gram ?,"The symptoms of major diseases in Black Gram include wilting, yellowing of leaves, and stunted growth."
fertilizer recommended black gram ?,"Nitrogen, phosphorus, and potassium-based fertilizers are commonly recommended for Black Gram."
often fertilizer applied black gram ?,"Fertilizers should be applied to Black Gram at key growth stages such as planting, flowering, and fruiting."
weather affect black gram growth ?,Extreme weather conditions like drought or excess rainfall can adversely affect Black Gram growth and yield.
preventive measure taken avoid disease black gram ?,"Crop rotation, proper irrigation, and timely pesticide application help prevent disease in Black Gram."
pesticide effective controlling pest black gram ?,"Insecticides and fungicides, such as neem oil and carbendazim, help control pests in Black Gram."
sign nutrient deficiency black gram ?,"Nutrient deficiency in Black Gram results in yellowing, poor growth, and reduced yield."
best time apply pesticide black gram ?,Pesticides should be applied to Black Gram during early pest infestation stages or as a preventive measure.
improve soil fertility black gram ?,"Organic matter addition, crop rotation, and balanced fertilization improve soil fertility for Black Gram."
common disease affecting green gram ?,"Common diseases affecting Green Gram include fungal, bacterial, and viral infections."
symptom major disease green gram ?,"The symptoms of major diseases in Green Gram include wilting, yellowing of leaves, and stunted growth."
fertilizer recommended green gram ?,"Nitrogen, phosphorus, and potassium-based fertilizers are commonly recommended for Green Gram."
often fertilizer applied green gram ?,"Fertilizers should be applied to Green Gram at key growth stages such as planting, flowering, and fruiting."
weather affect green gram growth ?,Extreme weather conditions like drought or excess rainfall can adversely affect Green Gram growth and yield.
preventive measure taken avoid disease green gram ?,"Crop rotation, proper irrigation, and timely pesticide application help prevent disease in Green Gram."
pesticide effective controlling pest green gram ?,"Insecticides and fungicides, such as neem oil and carbendazim, help control pests in Green Gram."
sign nutrient deficiency green gram ?,"Nutrient deficiency in Green Gram results in yellowing, poor growth, and reduced yield."
best time apply pesticide green gram ?,Pesticides should be applied to Green Gram during early pest infestation stages or as a preventive measure.
improve soil fertility green gram ?,"Organic matter addition, crop rotation, and balanced fertilization improve soil fertility for Green Gram."
common disease affecting banana ?,"Common diseases affecting Banana include fungal, bacterial, and viral infections."
symptom major disease banana ?,"The symptoms of major diseases in Banana include wilting, yellowing of leaves, and stunted growth."
fertilizer recommended banana ?,"Nitrogen, phosphorus, and potassium-based fertilizers are commonly recommended for Banana."
often fertilizer applied banana ?,"Fertilizers should be applied to Banana at key growth stages such as planting, flowering, and fruiting."
weather affect banana growth ?,Extreme weather conditions like drought or excess rainfall can adversely affect Banana growth and yield.
preventive measure taken avoid disease banana ?,"Crop rotation, proper irrigation, and timely pesticide application help prevent disease in Banana."
pesticide effective controlling pest banana ?,"Insecticides and fungicides, such as neem oil and carbendazim, help control pests in Banana."
sign nutrient deficiency banana ?,"Nutrient deficiency in Banana results in yellowing, poor growth, and reduced yield."
best time apply pesticide banana ?,Pesticides should be applied to Banana during early pest infestation stages or as a preventive measure.
improve soil fertility banana ?,"Organic matter addition, crop rotation, and balanced fertilization improve soil fertility for Banana."
common disease affecting papaya ?,"Common diseases affecting Papaya include fungal, bacterial, and viral infections."
symptom major disease papaya ?,"The symptoms of major diseases in Papaya include wilting, yellowing of leaves, and stunted growth."
fertilizer recommended papaya ?,"Nitrogen, phosphorus, and potassium-based fertilizers are commonly recommended for Papaya."
often fertilizer applied papaya ?,"Fertilizers should be applied to Papaya at key growth stages such as planting, flowering, and fruiting."
weather affect papaya growth ?,Extreme weather conditions like drought or excess rainfall can adversely affect Papaya growth and yield.
preventive measure taken avoid disease papaya ?,"Crop rotation, proper irrigation, and timely pesticide application help prevent disease in Papaya."
pesticide effective controlling pest papaya ?,"Insecticides and fungicides, such as neem oil and carbendazim, help control pests in Papaya."
sign nutrient deficiency papaya ?,"Nutrient deficiency in Papaya results in yellowing, poor growth, and reduced yield."
best time apply pesticide papaya ?,Pesticides should be applied to Papaya during early pest infestation stages or as a preventive measure.
improve soil fertility papaya ?,"Organic matter addition, crop rotation, and balanced fertilization improve soil fertility for Papaya."
common disease affecting tomato ?,"Common diseases affecting Tomato include fungal, bacterial, and viral infections."
symptom major disease tomato ?,"The symptoms of major diseases in Tomato include wilting, yellowing of leaves, and stunted growth."
fertilizer recommended tomato ?,"Nitrogen, phosphorus, and potassium-based fertilizers are commonly recommended for Tomato."
often fertilizer applied tomato ?,"Fertilizers should be applied to Tomato at key growth stages such as planting, flowering, and fruiting."
weather affect tomato growth ?,Extreme weather conditions like drought or excess rainfall can adversely affect Tomato growth and yield.
preventive measure taken avoid disease tomato ?,"Crop rotation, proper irrigation, and timely pesticide application help prevent disease in Tomato."
pesticide effective controlling pest tomato ?,"Insecticides and fungicides, such as neem oil and carbendazim, help control pests in Tomato."
sign nutrient deficiency tomato ?,"Nutrient deficiency in Tomato results in yellowing, poor growth, and reduced yield."
best time apply pesticide tomato ?,Pesticides should be applied to Tomato during early pest infestation stages or as a preventive measure.
improve soil fertility tomato ?,"Organic matter addition, crop rotation, and balanced fertilization improve soil fertility for Tomato."
common disease affecting brinjal ?,"Common diseases affecting Brinjal include fungal, bacterial, and viral infections."
symptom major disease brinjal ?,"The symptoms of major diseases in Brinjal include wilting, yellowing of leaves, and stunted growth."
fertilizer recommended brinjal ?,"Nitrogen, phosphorus, and potassium-based fertilizers are commonly recommended for Brinjal."
often fertilizer applied brinjal ?,"Fertilizers should be applied to Brinjal at key growth stages such as planting, flowering, and fruiting."
weather affect brinjal growth ?,Extreme weather conditions like drought or excess rainfall can adversely affect Brinjal growth and yield.
preventive measure taken avoid disease brinjal ?,"Crop rotation, proper irrigation, and timely pesticide application help prevent disease in Brinjal."
pesticide effective controlling pest brinjal ?,"Insecticides and fungicides, such as neem oil and carbendazim, help control pests in Brinjal."
sign nutrient deficiency brinjal ?,"Nutrient deficiency in Brinjal results in yellowing, poor growth, and reduced yield."
best time apply pesticide brinjal ?,Pesticides should be applied to Brinjal during early pest infestation stages or as a preventive measure.
improve soil fertility brinjal ?,"Organic matter addition, crop rotation, and balanced fertilization improve soil fertility for Brinjal."
common disease affecting coconut ?,"Common diseases affecting Coconut include fungal, bacterial, and viral infections."
symptom major disease coconut ?,"The symptoms of major diseases in Coconut include wilting, yellowing of leaves, and stunted growth."
fertilizer recommended coconut ?,"Nitrogen, phosphorus, and potassium-based fertilizers are commonly recommended for Coconut."
often fertilizer applied coconut ?,"Fertilizers should be applied to Coconut at key growth stages such as planting, flowering, and fruiting."
weather affect coconut growth ?,Extreme weather conditions like drought or excess rainfall can adversely affect Coconut growth and yield.
preventive measure taken avoid disease coconut ?,"Crop rotation, proper irrigation, and timely pesticide application help prevent disease in Coconut."
pesticide effective controlling pest coconut ?,"Insecticides and fungicides, such as neem oil and carbendazim, help control pests in Coconut."
sign nutrient deficiency coconut ?,"Nutrient deficiency in Coconut results in yellowing, poor growth, and reduced yield."
best time apply pesticide coconut ?,Pesticides should be applied to Coconut during early pest infestation stages or as a preventive measure.
improve soil fertility coconut ?,"Organic matter addition, crop rotation, and balanced fertilization improve soil fertility for Coconut."
common disease affecting mango ?,"Common diseases affecting Mango include fungal, bacterial, and viral infections."
symptom major disease mango ?,"The symptoms of major diseases in Mango include wilting, yellowing of leaves, and stunted growth."
fertilizer recommended mango ?,"Nitrogen, phosphorus, and potassium-based fertilizers are commonly recommended for Mango."
often fertilizer applied mango ?,"Fertilizers should be applied to Mango at key growth stages such as planting, flowering, and fruiting."
weather affect mango growth ?,Extreme weather conditions like drought or excess rainfall can adversely affect Mango growth and yield.
preventive measure taken avoid disease mango ?,"Crop rotation, proper irrigation, and timely pesticide application help prevent disease in Mango."
pesticide effective controlling pest mango ?,"Insecticides and fungicides, such as neem oil and carbendazim, help control pests in Mango."
sign nutrient deficiency mango ?,"Nutrient deficiency in Mango results in yellowing, poor growth, and reduced yield."
best time apply pesticide mango ?,Pesticides should be applied to Mango during early pest infestation stages or as a preventive measure.
improve soil fertility mango ?,"Organic matter addition, crop rotation, and balanced fertilization improve soil fertility for Mango."
common disease affecting sesame ?,"Common diseases affecting Sesame include fungal, bacterial, and viral infections."
symptom major disease sesame ?,"The symptoms of major diseases in Sesame include wilting, yellowing of leaves, and stunted growth."
fertilizer recommended sesame ?,"Nitrogen, phosphorus, and potassium-based fertilizers are commonly recommended for Sesame."
often fertilizer applied sesame ?,"Fertilizers should be applied to Sesame at key growth stages such as planting, flowering, and fruiting."
weather affect sesame growth ?,Extreme weather conditions like drought or excess rainfall can adversely affect Sesame growth and yield.
preventive measure taken avoid disease sesame ?,"Crop rotation, proper irrigation, and timely pesticide application help prevent disease in Sesame."
pesticide effective controlling pest sesame ?,"Insecticides and fungicides, such as neem oil and carbendazim, help control pests in Sesame."
sign nutrient deficiency sesame ?,"Nutrient deficiency in Sesame results in yellowing, poor growth, and reduced yield."
best time apply pesticide sesame ?,Pesticides should be applied to Sesame during early pest infestation stages or as a preventive measure.
improve soil fertility sesame ?,"Organic matter addition, crop rotation, and balanced fertilization improve soil fertility for Sesame."
common disease affecting sunflower ?,"Common diseases affecting Sunflower include fungal, bacterial, and viral infections."
symptom major disease sunflower ?,"The symptoms of major diseases in Sunflower include wilting, yellowing of leaves, and stunted growth."
fertilizer recommended sunflower ?,"Nitrogen, phosphorus, and potassium-based fertilizers are commonly recommended for Sunflower."
often fertilizer applied sunflower ?,"Fertilizers should be applied to Sunflower at key growth stages such as planting, flowering, and fruiting."
weather affect sunflower growth ?,Extreme weather conditions like drought or excess rainfall can adversely affect Sunflower growth and yield.
preventive measure taken avoid disease sunflower ?,"Crop rotation, proper irrigation, and timely pesticide application help prevent disease in Sunflower."
pesticide effective controlling pest sunflower ?,"Insecticides and fungicides, such as neem oil and carbendazim, help control pests in Sunflower."
sign nutrient deficiency sunflower ?,"Nutrient deficiency in Sunflower results in yellowing, poor growth, and reduced yield."
best time apply pesticide sunflower ?,Pesticides should be applied to Sunflower during early pest infestation stages or as a preventive measure.
improve soil fertility sunflower ?,"Organic matter addition, crop rotation, and balanced fertilization improve soil fertility for Sunflower."
common disease affecting castor ?,"Common diseases affecting Castor include fungal, bacterial, and viral infections."
symptom major disease castor ?,"The symptoms of major diseases in Castor include wilting, yellowing of leaves, and stunted growth."
fertilizer recommended castor ?,"Nitrogen, phosphorus, and potassium-based fertilizers are commonly recommended for Castor."
often fertilizer applied castor ?,"Fertilizers should be applied to Castor at key growth stages such as planting, flowering, and fruiting."
weather affect castor growth ?,Extreme weather conditions like drought or excess rainfall can adversely affect Castor growth and yield.
preventive measure taken avoid disease castor ?,"Crop rotation, proper irrigation, and timely pesticide application help prevent disease in Castor."
pesticide effective controlling pest castor ?,"Insecticides and fungicides, such as neem oil and carbendazim, help control pests in Castor."
sign nutrient deficiency castor ?,"Nutrient deficiency in Castor results in yellowing, poor growth, and reduced yield."
best time apply pesticide castor ?,Pesticides should be applied to Castor during early pest infestation stages or as a preventive measure.
improve soil fertility castor ?,"Organic matter addition, crop rotation, and balanced fertilization improve soil fertility for Castor."
common disease affecting jowar ?,"Common diseases affecting Jowar include fungal, bacterial, and viral infections."
symptom major disease jowar ?,"The symptoms of major diseases in Jowar include wilting, yellowing of leaves, and stunted growth."
fertilizer recommended jowar ?,"Nitrogen, phosphorus, and potassium-based fertilizers are commonly recommended for Jowar."
often fertilizer applied jowar ?,"Fertilizers should be applied to Jowar at key growth stages such as planting, flowering, and fruiting."
weather affect jowar growth ?,Extreme weather conditions like drought or excess rainfall can adversely affect Jowar growth and yield.
preventive measure taken avoid disease jowar ?,"Crop rotation, proper irrigation, and timely pesticide application help prevent disease in Jowar."
pesticide effective controlling pest jowar ?,"Insecticides and fungicides, such as neem oil and carbendazim, help control pests in Jowar."
sign nutrient deficiency jowar ?,"Nutrient deficiency in Jowar results in yellowing, poor growth, and reduced yield."
best time apply pesticide jowar ?,Pesticides should be applied to Jowar during early pest infestation stages or as a preventive measure.
improve soil fertility jowar ?,"Organic matter addition, crop rotation, and balanced fertilization improve soil fertility for Jowar."
