Question,Answer,questions
common disease affecting rice ?,"Common diseases affecting Rice include fungal, bacterial, and viral infections.",what are common diseases affecting rice
symptom major disease rice ?,"The symptoms of major diseases in Rice include wilting, yellowing of leaves, and stunted growth.",what are the symptoms of major diseases in rice
fertilizer recommended rice ?,"Nitrogen, phosphorus, and potassium-based fertilizers are commonly recommended for Rice.",what fertilizers are recommended for rice
often fertilizer applied rice ?,"Fertilizers should be applied to Rice at key growth stages such as planting, flowering, and fruiting.",how often should fertilizers be applied to rice
weather affect rice growth ?,Extreme weather conditions like drought or excess rainfall can adversely affect Rice growth and yield.,how does weather affect rice growth
preventive measure taken avoid disease rice ?,"Crop rotation, proper irrigation, and timely pesticide application help prevent disease in Rice.",what preventive measures can be taken to avoid disease in rice
pesticide effective controlling pest rice ?,"Insecticides and fungicides, such as neem oil and carbendazim, help control pests in Rice.",which pesticides are effective for controlling pests in rice
sign nutrient deficiency rice ?,"Nutrient deficiency in Rice results in yellowing, poor growth, and reduced yield.",what are the signs of nutrient deficiency in rice
best time apply pesticide rice ?,Pesticides should be applied to Rice during early pest infestation stages or as a preventive measure.,when is the best time to apply pesticides on rice
improve soil fertility rice ?,"Organic matter addition, crop rotation, and balanced fertilization improve soil fertility for Rice.",how can i improve soil fertility for rice
common disease affecting maize ?,"Common diseases affecting Maize include fungal, bacterial, and viral infections.",what are common diseases affecting maize
symptom major disease maize ?,"The symptoms of major diseases in Maize include wilting, yellowing of leaves, and stunted growth.",what are the symptoms of major diseases in maize
fertilizer recommended maize ?,"Nitrogen, phosphorus, and potassium-based fertilizers are commonly recommended for Maize.",what fertilizers are recommended for maize
often fertilizer applied maize ?,"Fertilizers should be applied to Maize at key growth stages such as planting, flowering, and fruiting.",how often should fertilizers be applied to maize
weather affect maize growth ?,Extreme weather conditions like drought or excess rainfall can adversely affect Maize growth and yield.,how does weather affect maize growth
preventive measure taken avoid disease maize ?,"Crop rotation, proper irrigation, and timely pesticide application help prevent disease in Maize.",what preventive measures can be taken to avoid disease in maize
pesticide effective controlling pest maize ?,"Insecticides and fungicides, such as neem oil and carbendazim, help control pests in Maize.",which pesticides are effective for controlling pests in maize
sign nutrient deficiency maize ?,"Nutrient deficiency in Maize results in yellowing, poor growth, and reduced yield.",what are the signs of nutrient deficiency in maize
best time apply pesticide maize ?,Pesticides should be applied to Maize during early pest infestation stages or as a preventive measure.,when is the best time to apply pesticides on maize
improve soil fertility maize ?,"Organic matter addition, crop rotation, and balanced fertilization improve soil fertility for Maize.",how can i improve soil fertility for maize
common disease affecting groundnut ?,"Common diseases affecting Groundnut include fungal, bacterial, and viral infections.",what are common diseases affecting groundnut
symptom major disease groundnut ?,"The symptoms of major diseases in Groundnut include wilting, yellowing of leaves, and stunted growth.",what are the symptoms of major diseases in groundnut
fertilizer recommended groundnut ?,"Nitrogen, phosphorus, and potassium-based fertilizers are commonly recommended for Groundnut.",what fertilizers are recommended for groundnut
often fertilizer applied groundnut ?,"Fertilizers should be applied to Groundnut at key growth stages such as planting, flowering, and fruiting.",how often should fertilizers be applied to groundnut
weather affect groundnut growth ?,Extreme weather conditions like drought or excess rainfall can adversely affect Groundnut growth and yield.,how does weather affect groundnut growth
preventive measure taken avoid disease groundnut ?,"Crop rotation, proper irrigation, and timely pesticide application help prevent disease in Groundnut.",what preventive measures can be taken to avoid disease in groundnut
pesticide effective controlling pest groundnut ?,"Insecticides and fungicides, such as neem oil and carbendazim, help control pests in Groundnut.",which pesticides are effective for controlling pests in groundnut
sign nutrient deficiency groundnut ?,"Nutrient deficiency in Groundnut results in yellowing, poor growth, and reduced yield.",what are the signs of nutrient deficiency in groundnut
best time apply pesticide groundnut ?,Pesticides should be applied to Groundnut during early pest infestation stages or as a preventive measure.,when is the best time to apply pesticides on groundnut
improve soil fertility groundnut ?,"Organic matter addition, crop rotation, and balanced fertilization improve soil fertility for Groundnut.",how can i improve soil fertility for groundnut
common disease affecting cotton ?,"Common diseases affecting Cotton include fungal, bacterial, and viral infections.",what are common diseases affecting cotton
symptom major disease cotton ?,"The symptoms of major diseases in Cotton include wilting, yellowing of leaves, and stunted growth.",what are the symptoms of major diseases in cotton
fertilizer recommended cotton ?,"Nitrogen, phosphorus, and potassium-based fertilizers are commonly recommended for Cotton.",what fertilizers are recommended for cotton
often fertilizer applied cotton ?,"Fertilizers should be applied to Cotton at key growth stages such as planting, flowering, and fruiting.",how often should fertilizers be applied to cotton
weather affect cotton growth ?,Extreme weather conditions like drought or excess rainfall can adversely affect Cotton growth and yield.,how does weather affect cotton growth
preventive measure taken avoid disease cotton ?,"Crop rotation, proper irrigation, and timely pesticide application help prevent disease in Cotton.",what preventive measures can be taken to avoid disease in cotton
pesticide effective controlling pest cotton ?,"Insecticides and fungicides, such as neem oil and carbendazim, help control pests in Cotton.",which pesticides are effective for controlling pests in cotton
sign nutrient deficiency cotton ?,"Nutrient deficiency in Cotton results in yellowing, poor growth, and reduced yield.",what are the signs of nutrient deficiency in cotton
best time apply pesticide cotton ?,Pesticides should be applied to Cotton during early pest infestation stages or as a preventive measure.,when is the best time to apply pesticides on cotton
improve soil fertility cotton ?,"Organic matter addition, crop rotation, and balanced fertilization improve soil fertility for Cotton.",how can i improve soil fertility for cotton
common disease affecting sugarcane ?,"Common diseases affecting Sugarcane include fungal, bacterial, and viral infections.",what are common diseases affecting sugarcane
symptom major disease sugarcane ?,"The symptoms of major diseases in Sugarcane include wilting, yellowing of leaves, and stunted growth.",what are the symptoms of major diseases in sugarcane
fertilizer recommended sugarcane ?,"Nitrogen, phosphorus, and potassium-based fertilizers are commonly recommended for Sugarcane.",what fertilizers are recommended for sugarcane
often fertilizer applied sugarcane ?,"Fertilizers should be applied to Sugarcane at key growth stages such as planting, flowering, and fruiting.",how often should fertilizers be applied to sugarcane
weather affect sugarcane growth ?,Extreme weather conditions like drought or excess rainfall can adversely affect Sugarcane growth and yield.,how does weather affect sugarcane growth
preventive measure taken avoid disease sugarcane ?,"Crop rotation, proper irrigation, and timely pesticide application help prevent disease in Sugarcane.",what preventive measures can be taken to avoid disease in sugarcane
pesticide effective controlling pest sugarcane ?,"Insecticides and fungicides, such as neem oil and carbendazim, help control pests in Sugarcane.",which pesticides are effective for controlling pests in sugarcane
sign nutrient deficiency sugarcane ?,"Nutrient deficiency in Sugarcane results in yellowing, poor growth, and reduced yield.",what are the signs of nutrient deficiency in sugarcane
best time apply pesticide sugarcane ?,Pesticides should be applied to Sugarcane during early pest infestation stages or as a preventive measure.,when is the best time to apply pesticides on sugarcane
improve soil fertility sugarcane ?,"Organic matter addition, crop rotation, and balanced fertilization improve soil fertility for Sugarcane.",how can i improve soil fertility for sugarcane
common disease affecting chili ?,"Common diseases affecting Chili include fungal, bacterial, and viral infections.",what are common diseases affecting chili
symptom major disease chili ?,"The symptoms of major diseases in Chili include wilting, yellowing of leaves, and stunted growth.",what are the symptoms of major diseases in chili
fertilizer recommended chili ?,"Nitrogen, phosphorus, and potassium-based fertilizers are commonly recommended for Chili.",what fertilizers are recommended for chili
often fertilizer applied chili ?,"Fertilizers should be applied to Chili at key growth stages such as planting, flowering, and fruiting.",how often should fertilizers be applied to chili
weather affect chili growth ?,Extreme weather conditions like drought or excess rainfall can adversely affect Chili growth and yield.,how does weather affect chili growth
preventive measure taken avoid disease chili ?,"Crop rotation, proper irrigation, and timely pesticide application help prevent disease in Chili.",what preventive measures can be taken to avoid disease in chili
pesticide effective controlling pest chili ?,"Insecticides and fungicides, such as neem oil and carbendazim, help control pests in Chili.",which pesticides are effective for controlling pests in chili
sign nutrient deficiency chili ?,"Nutrient deficiency in Chili results in yellowing, poor growth, and reduced yield.",what are the signs of nutrient deficiency in chili
best time apply pesticide chili ?,Pesticides should be applied to Chili during early pest infestation stages or as a preventive measure.,when is the best time to apply pesticides on chili
improve soil fertility chili ?,"Organic matter addition, crop rotation, and balanced fertilization improve soil fertility for Chili.",how can i improve soil fertility for chili
common disease affecting turmeric ?,"Common diseases affecting Turmeric include fungal, bacterial, and viral infections.",what are common diseases affecting turmeric
symptom major disease turmeric ?,"The symptoms of major diseases in Turmeric include wilting, yellowing of leaves, and stunted growth.",what are the symptoms of major diseases in turmeric
fertilizer recommended turmeric ?,"Nitrogen, phosphorus, and potassium-based fertilizers are commonly recommended for Turmeric.",what fertilizers are recommended for turmeric
often fertilizer applied turmeric ?,"Fertilizers should be applied to Turmeric at key growth stages such as planting, flowering, and fruiting.",how often should fertilizers be applied to turmeric
weather affect turmeric growth ?,Extreme weather conditions like drought or excess rainfall can adversely affect Turmeric growth and yield.,how does weather affect turmeric growth
preventive measure taken avoid disease turmeric ?,"Crop rotation, proper irrigation, and timely pesticide application help prevent disease in Turmeric.",what preventive measures can be taken to avoid disease in turmeric
pesticide effective controlling pest turmeric ?,"Insecticides and fungicides, such as neem oil and carbendazim, help control pests in Turmeric.",which pesticides are effective for controlling pests in turmeric
sign nutrient deficiency turmeric ?,"Nutrient deficiency in Turmeric results in yellowing, poor growth, and reduced yield.",what are the signs of nutrient deficiency in turmeric
best time apply pesticide turmeric ?,Pesticides should be applied to Turmeric during early pest infestation stages or as a preventive measure.,when is the best time to apply pesticides on turmeric
improve soil fertility turmeric ?,"Organic matter addition, crop rotation, and balanced fertilization improve soil fertility for Turmeric.",how can i improve soil fertility for turmeric
common disease affecting pigeon pea ?,"Common diseases affecting Pigeon Pea include fungal, bacterial, and viral infections.",what are common diseases affecting pigeon pea
symptom major disease pigeon pea ?,"The symptoms of major diseases in Pigeon Pea include wilting, yellowing of leaves, and stunted growth.",what are the symptoms of major diseases in pigeon pea
fertilizer recommended pigeon pea ?,"Nitrogen, phosphorus, and potassium-based fertilizers are commonly recommended for Pigeon Pea.",what fertilizers are recommended for pigeon pea
often fertilizer applied pigeon pea ?,"Fertilizers should be applied to Pigeon Pea at key growth stages such as planting, flowering, and fruiting.",how often should fertilizers be applied to pigeon pea
weather affect pigeon pea growth ?,Extreme weather conditions like drought or excess rainfall can adversely affect Pigeon Pea growth and yield.,how does weather affect pigeon pea growth
preventive measure taken avoid disease pigeon pea ?,"Crop rotation, proper irrigation, and timely pesticide application help prevent disease in Pigeon Pea.",what preventive measures can be taken to avoid disease in pigeon pea
pesticide effective controlling pest pigeon pea ?,"Insecticides and fungicides, such as neem oil and carbendazim, help control pests in Pigeon Pea.",which pesticides are effective for controlling pests in pigeon pea
sign nutrient deficiency pigeon pea ?,"Nutrient deficiency in Pigeon Pea results in yellowing, poor growth, and reduced yield.",what are the signs of nutrient deficiency in pigeon pea
best time apply pesticide pigeon pea ?,Pesticides should be applied to Pigeon Pea during early pest infestation stages or as a preventive measure.,when is the best time to apply pesticides on pigeon pea
improve soil fertility pigeon pea ?,"Organic matter addition, crop rotation, and balanced fertilization improve soil fertility for Pigeon Pea.",how can i improve soil fertility for pigeon pea
common disease affecting black gram ?,"Common diseases affecting Black Gram include fungal, bacterial, and viral infections.",what are common diseases affecting black gram
symptom major disease black gram ?,"The symptoms of major diseases in Black Gram include wilting, yellowing of leaves, and stunted growth.",what are the symptoms of major diseases in black gram
fertilizer recommended black gram ?,"Nitrogen, phosphorus, and potassium-based fertilizers are commonly recommended for Black Gram.",what fertilizers are recommended for black gram
often fertilizer applied black gram ?,"Fertilizers should be applied to Black Gram at key growth stages such as planting, flowering, and fruiting.",how often should fertilizers be applied to black gram
weather affect black gram growth ?,Extreme weather conditions like drought or excess rainfall can adversely affect Black Gram growth and yield.,how does weather affect black gram growth
preventive measure taken avoid disease black gram ?,"Crop rotation, proper irrigation, and timely pesticide application help prevent disease in Black Gram.",what preventive measures can be taken to avoid disease in black gram
pesticide effective controlling pest black gram ?,"Insecticides and fungicides, such as neem oil and carbendazim, help control pests in Black Gram.",which pesticides are effective for controlling pests in black gram
sign nutrient deficiency black gram ?,"Nutrient deficiency in Black Gram results in yellowing, poor growth, and reduced yield.",what are the signs of nutrient deficiency in black gram
best time apply pesticide black gram ?,Pesticides should be applied to Black Gram during early pest infestation stages or as a preventive measure.,when is the best time to apply pesticides on black gram
improve soil fertility black gram ?,"Organic matter addition, crop rotation, and balanced fertilization improve soil fertility for Black Gram.",how can i improve soil fertility for black gram
common disease affecting green gram ?,"Common diseases affecting Green Gram include fungal, bacterial, and viral infections.",what are common diseases affecting green gram
symptom major disease green gram ?,"The symptoms of major diseases in Green Gram include wilting, yellowing of leaves, and stunted growth.",what are the symptoms of major diseases in green gram
fertilizer recommended green gram ?,"Nitrogen, phosphorus, and potassium-based fertilizers are commonly recommended for Green Gram.",what fertilizers are recommended for green gram
often fertilizer applied green gram ?,"Fertilizers should be applied to Green Gram at key growth stages such as planting, flowering, and fruiting.",how often should fertilizers be applied to green gram
weather affect green gram growth ?,Extreme weather conditions like drought or excess rainfall can adversely affect Green Gram growth and yield.,how does weather affect green gram growth
preventive measure taken avoid disease green gram ?,"Crop rotation, proper irrigation, and timely pesticide application help prevent disease in Green Gram.",what preventive measures can be taken to avoid disease in green gram
pesticide effective controlling pest green gram ?,"Insecticides and fungicides, such as neem oil and carbendazim, help control pests in Green Gram.",which pesticides are effective for controlling pests in green gram
sign nutrient deficiency green gram ?,"Nutrient deficiency in Green Gram results in yellowing, poor growth, and reduced yield.",what are the signs of nutrient deficiency in green gram
best time apply pesticide green gram ?,Pesticides should be applied to Green Gram during early pest infestation stages or as a preventive measure.,when is the best time to apply pesticides on green gram
improve soil fertility green gram ?,"Organic matter addition, crop rotation, and balanced fertilization improve soil fertility for Green Gram.",how can i improve soil fertility for green gram
common disease affecting banana ?,"Common diseases affecting Banana include fungal, bacterial, and viral infections.",what are common diseases affecting banana
symptom major disease banana ?,"The symptoms of major diseases in Banana include wilting, yellowing of leaves, and stunted growth.",what are the symptoms of major diseases in banana
fertilizer recommended banana ?,"Nitrogen, phosphorus, and potassium-based fertilizers are commonly recommended for Banana.",what fertilizers are recommended for banana
often fertilizer applied banana ?,"Fertilizers should be applied to Banana at key growth stages such as planting, flowering, and fruiting.",how often should fertilizers be applied to banana
weather affect banana growth ?,Extreme weather conditions like drought or excess rainfall can adversely affect Banana growth and yield.,how does weather affect banana growth
preventive measure taken avoid disease banana ?,"Crop rotation, proper irrigation, and timely pesticide application help prevent disease in Banana.",what preventive measures can be taken to avoid disease in banana
pesticide effective controlling pest banana ?,"Insecticides and fungicides, such as neem oil and carbendazim, help control pests in Banana.",which pesticides are effective for controlling pests in banana
sign nutrient deficiency banana ?,"Nutrient deficiency in Banana results in yellowing, poor growth, and reduced yield.",what are the signs of nutrient deficiency in banana
best time apply pesticide banana ?,Pesticides should be applied to Banana during early pest infestation stages or as a preventive measure.,when is the best time to apply pesticides on banana
improve soil fertility banana ?,"Organic matter addition, crop rotation, and balanced fertilization improve soil fertility for Banana.",how can i improve soil fertility for banana
common disease affecting papaya ?,"Common diseases affecting Papaya include fungal, bacterial, and viral infections.",what are common diseases affecting papaya
symptom major disease papaya ?,"The symptoms of major diseases in Papaya include wilting, yellowing of leaves, and stunted growth.",what are the symptoms of major diseases in papaya
fertilizer recommended papaya ?,"Nitrogen, phosphorus, and potassium-based fertilizers are commonly recommended for Papaya.",what fertilizers are recommended for papaya
often fertilizer applied papaya ?,"Fertilizers should be applied to Papaya at key growth stages such as planting, flowering, and fruiting.",how often should fertilizers be applied to papaya
weather affect papaya growth ?,Extreme weather conditions like drought or excess rainfall can adversely affect Papaya growth and yield.,how does weather affect papaya growth
preventive measure taken avoid disease papaya ?,"Crop rotation, proper irrigation, and timely pesticide application help prevent disease in Papaya.",what preventive measures can be taken to avoid disease in papaya
pesticide effective controlling pest papaya ?,"Insecticides and fungicides, such as neem oil and carbendazim, help control pests in Papaya.",which pesticides are effective for controlling pests in papaya
sign nutrient deficiency papaya ?,"Nutrient deficiency in Papaya results in yellowing, poor growth, and reduced yield.",what are the signs of nutrient deficiency in papaya
best time apply pesticide papaya ?,Pesticides should be applied to Papaya during early pest infestation stages or as a preventive measure.,when is the best time to apply pesticides on papaya
improve soil fertility papaya ?,"Organic matter addition, crop rotation, and balanced fertilization improve soil fertility for Papaya.",how can i improve soil fertility for papaya
common disease affecting tomato ?,"Common diseases affecting Tomato include fungal, bacterial, and viral infections.",what are common diseases affecting tomato
symptom major disease tomato ?,"The symptoms of major diseases in Tomato include wilting, yellowing of leaves, and stunted growth.",what are the symptoms of major diseases in tomato
fertilizer recommended tomato ?,"Nitrogen, phosphorus, and potassium-based fertilizers are commonly recommended for Tomato.",what fertilizers are recommended for tomato
often fertilizer applied tomato ?,"Fertilizers should be applied to Tomato at key growth stages such as planting, flowering, and fruiting.",how often should fertilizers be applied to tomato
weather affect tomato growth ?,Extreme weather conditions like drought or excess rainfall can adversely affect Tomato growth and yield.,how does weather affect tomato growth
preventive measure taken avoid disease tomato ?,"Crop rotation, proper irrigation, and timely pesticide application help prevent disease in Tomato.",what preventive measures can be taken to avoid disease in tomato
pesticide effective controlling pest tomato ?,"Insecticides and fungicides, such as neem oil and carbendazim, help control pests in Tomato.",which pesticides are effective for controlling pests in tomato
sign nutrient deficiency tomato ?,"Nutrient deficiency in Tomato results in yellowing, poor growth, and reduced yield.",what are the signs of nutrient deficiency in tomato
best time apply pesticide tomato ?,Pesticides should be applied to Tomato during early pest infestation stages or as a preventive measure.,when is the best time to apply pesticides on tomato
improve soil fertility tomato ?,"Organic matter addition, crop rotation, and balanced fertilization improve soil fertility for Tomato.",how can i improve soil fertility for tomato
common disease affecting brinjal ?,"Common diseases affecting Brinjal include fungal, bacterial, and viral infections.",what are common diseases affecting brinjal
symptom major disease brinjal ?,"The symptoms of major diseases in Brinjal include wilting, yellowing of leaves, and stunted growth.",what are the symptoms of major diseases in brinjal
fertilizer recommended brinjal ?,"Nitrogen, phosphorus, and potassium-based fertilizers are commonly recommended for Brinjal.",what fertilizers are recommended for brinjal
often fertilizer applied brinjal ?,"Fertilizers should be applied to Brinjal at key growth stages such as planting, flowering, and fruiting.",how often should fertilizers be applied to brinjal
weather affect brinjal growth ?,Extreme weather conditions like drought or excess rainfall can adversely affect Brinjal growth and yield.,how does weather affect brinjal growth
preventive measure taken avoid disease brinjal ?,"Crop rotation, proper irrigation, and timely pesticide application help prevent disease in Brinjal.",what preventive measures can be taken to avoid disease in brinjal
pesticide effective controlling pest brinjal ?,"Insecticides and fungicides, such as neem oil and carbendazim, help control pests in Brinjal.",which pesticides are effective for controlling pests in brinjal
sign nutrient deficiency brinjal ?,"Nutrient deficiency in Brinjal results in yellowing, poor growth, and reduced yield.",what are the signs of nutrient deficiency in brinjal
best time apply pesticide brinjal ?,Pesticides should be applied to Brinjal during early pest infestation stages or as a preventive measure.,when is the best time to apply pesticides on brinjal
improve soil fertility brinjal ?,"Organic matter addition, crop rotation, and balanced fertilization improve soil fertility for Brinjal.",how can i improve soil fertility for brinjal
common disease affecting coconut ?,"Common diseases affecting Coconut include fungal, bacterial, and viral infections.",what are common diseases affecting coconut
symptom major disease coconut ?,"The symptoms of major diseases in Coconut include wilting, yellowing of leaves, and stunted growth.",what are the symptoms of major diseases in coconut
fertilizer recommended coconut ?,"Nitrogen, phosphorus, and potassium-based fertilizers are commonly recommended for Coconut.",what fertilizers are recommended for coconut
often fertilizer applied coconut ?,"Fertilizers should be applied to Coconut at key growth stages such as planting, flowering, and fruiting.",how often should fertilizers be applied to coconut
weather affect coconut growth ?,Extreme weather conditions like drought or excess rainfall can adversely affect Coconut growth and yield.,how does weather affect coconut growth
preventive measure taken avoid disease coconut ?,"Crop rotation, proper irrigation, and timely pesticide application help prevent disease in Coconut.",what preventive measures can be taken to avoid disease in coconut
pesticide effective controlling pest coconut ?,"Insecticides and fungicides, such as neem oil and carbendazim, help control pests in Coconut.",which pesticides are effective for controlling pests in coconut
sign nutrient deficiency coconut ?,"Nutrient deficiency in Coconut results in yellowing, poor growth, and reduced yield.",what are the signs of nutrient deficiency in coconut
best time apply pesticide coconut ?,Pesticides should be applied to Coconut during early pest infestation stages or as a preventive measure.,when is the best time to apply pesticides on coconut
improve soil fertility coconut ?,"Organic matter addition, crop rotation, and balanced fertilization improve soil fertility for Coconut.",how can i improve soil fertility for coconut
common disease affecting mango ?,"Common diseases affecting Mango include fungal, bacterial, and viral infections.",what are common diseases affecting mango
symptom major disease mango ?,"The symptoms of major diseases in Mango include wilting, yellowing of leaves, and stunted growth.",what are the symptoms of major diseases in mango
fertilizer recommended mango ?,"Nitrogen, phosphorus, and potassium-based fertilizers are commonly recommended for Mango.",what fertilizers are recommended for mango
often fertilizer applied mango ?,"Fertilizers should be applied to Mango at key growth stages such as planting, flowering, and fruiting.",how often should fertilizers be applied to mango
weather affect mango growth ?,Extreme weather conditions like drought or excess rainfall can adversely affect Mango growth and yield.,how does weather affect mango growth
preventive measure taken avoid disease mango ?,"Crop rotation, proper irrigation, and timely pesticide application help prevent disease in Mango.",what preventive measures can be taken to avoid disease in mango
pesticide effective controlling pest mango ?,"Insecticides and fungicides, such as neem oil and carbendazim, help control pests in Mango.",which pesticides are effective for controlling pests in mango
sign nutrient deficiency mango ?,"Nutrient deficiency in Mango results in yellowing, poor growth, and reduced yield.",what are the signs of nutrient deficiency in mango
best time apply pesticide mango ?,Pesticides should be applied to Mango during early pest infestation stages or as a preventive measure.,when is the best time to apply pesticides on mango
improve soil fertility mango ?,"Organic matter addition, crop rotation, and balanced fertilization improve soil fertility for Mango.",how can i improve soil fertility for mango
common disease affecting sesame ?,"Common diseases affecting Sesame include fungal, bacterial, and viral infections.",what are common diseases affecting sesame
symptom major disease sesame ?,"The symptoms of major diseases in Sesame include wilting, yellowing of leaves, and stunted growth.",what are the symptoms of major diseases in sesame
fertilizer recommended sesame ?,"Nitrogen, phosphorus, and potassium-based fertilizers are commonly recommended for Sesame.",what fertilizers are recommended for sesame
often fertilizer applied sesame ?,"Fertilizers should be applied to Sesame at key growth stages such as planting, flowering, and fruiting.",how often should fertilizers be applied to sesame
weather affect sesame growth ?,Extreme weather conditions like drought or excess rainfall can adversely affect Sesame growth and yield.,how does weather affect sesame growth
preventive measure taken avoid disease sesame ?,"Crop rotation, proper irrigation, and timely pesticide application help prevent disease in Sesame.",what preventive measures can be taken to avoid disease in sesame
pesticide effective controlling pest sesame ?,"Insecticides and fungicides, such as neem oil and carbendazim, help control pests in Sesame.",which pesticides are effective for controlling pests in sesame
sign nutrient deficiency sesame ?,"Nutrient deficiency in Sesame results in yellowing, poor growth, and reduced yield.",what are the signs of nutrient deficiency in sesame
best time apply pesticide sesame ?,Pesticides should be applied to Sesame during early pest infestation stages or as a preventive measure.,when is the best time to apply pesticides on sesame
improve soil fertility sesame ?,"Organic matter addition, crop rotation, and balanced fertilization improve soil fertility for Sesame.",how can i improve soil fertility for sesame
common disease affecting sunflower ?,"Common diseases affecting Sunflower include fungal, bacterial, and viral infections.",what are common diseases affecting sunflower
symptom major disease sunflower ?,"The symptoms of major diseases in Sunflower include wilting, yellowing of leaves, and stunted growth.",what are the symptoms of major diseases in sunflower
fertilizer recommended sunflower ?,"Nitrogen, phosphorus, and potassium-based fertilizers are commonly recommended for Sunflower.",what fertilizers are recommended for sunflower
often fertilizer applied sunflower ?,"Fertilizers should be applied to Sunflower at key growth stages such as planting, flowering, and fruiting.",how often should fertilizers be applied to sunflower
weather affect sunflower growth ?,Extreme weather conditions like drought or excess rainfall can adversely affect Sunflower growth and yield.,how does weather affect sunflower growth
preventive measure taken avoid disease sunflower ?,"Crop rotation, proper irrigation, and timely pesticide application help prevent disease in Sunflower.",what preventive measures can be taken to avoid disease in sunflower
pesticide effective controlling pest sunflower ?,"Insecticides and fungicides, such as neem oil and carbendazim, help control pests in Sunflower.",which pesticides are effective for controlling pests in sunflower
sign nutrient deficiency sunflower ?,"Nutrient deficiency in Sunflower results in yellowing, poor growth, and reduced yield.",what are the signs of nutrient deficiency in sunflower
best time apply pesticide sunflower ?,Pesticides should be applied to Sunflower during early pest infestation stages or as a preventive measure.,when is the best time to apply pesticides on sunflower
improve soil fertility sunflower ?,"Organic matter addition, crop rotation, and balanced fertilization improve soil fertility for Sunflower.",how can i improve soil fertility for sunflower
common disease affecting castor ?,"Common diseases affecting Castor include fungal, bacterial, and viral infections.",what are common diseases affecting castor
symptom major disease castor ?,"The symptoms of major diseases in Castor include wilting, yellowing of leaves, and stunted growth.",what are the symptoms of major diseases in castor
fertilizer recommended castor ?,"Nitrogen, phosphorus, and potassium-based fertilizers are commonly recommended for Castor.",what fertilizers are recommended for castor
often fertilizer applied castor ?,"Fertilizers should be applied to Castor at key growth stages such as planting, flowering, and fruiting.",how often should fertilizers be applied to castor
weather affect castor growth ?,Extreme weather conditions like drought or excess rainfall can adversely affect Castor growth and yield.,how does weather affect castor growth
preventive measure taken avoid disease castor ?,"Crop rotation, proper irrigation, and timely pesticide application help prevent disease in Castor.",what preventive measures can be taken to avoid disease in castor
pesticide effective controlling pest castor ?,"Insecticides and fungicides, such as neem oil and carbendazim, help control pests in Castor.",which pesticides are effective for controlling pests in castor
sign nutrient deficiency castor ?,"Nutrient deficiency in Castor results in yellowing, poor growth, and reduced yield.",what are the signs of nutrient deficiency in castor
best time apply pesticide castor ?,Pesticides should be applied to Castor during early pest infestation stages or as a preventive measure.,when is the best time to apply pesticides on castor
improve soil fertility castor ?,"Organic matter addition, crop rotation, and balanced fertilization improve soil fertility for Castor.",how can i improve soil fertility for castor
common disease affecting jowar ?,"Common diseases affecting Jowar include fungal, bacterial, and viral infections.",what are common diseases affecting jowar
symptom major disease jowar ?,"The symptoms of major diseases in Jowar include wilting, yellowing of leaves, and stunted growth.",what are the symptoms of major diseases in jowar
fertilizer recommended jowar ?,"Nitrogen, phosphorus, and potassium-based fertilizers are commonly recommended for Jowar.",what fertilizers are recommended for jowar
often fertilizer applied jowar ?,"Fertilizers should be applied to Jowar at key growth stages such as planting, flowering, and fruiting.",how often should fertilizers be applied to jowar
weather affect jowar growth ?,Extreme weather conditions like drought or excess rainfall can adversely affect Jowar growth and yield.,how does weather affect jowar growth
preventive measure taken avoid disease jowar ?,"Crop rotation, proper irrigation, and timely pesticide application help prevent disease in Jowar.",what preventive measures can be taken to avoid disease in jowar
pesticide effective controlling pest jowar ?,"Insecticides and fungicides, such as neem oil and carbendazim, help control pests in Jowar.",which pesticides are effective for controlling pests in jowar
sign nutrient deficiency jowar ?,"Nutrient deficiency in Jowar results in yellowing, poor growth, and reduced yield.",what are the signs of nutrient deficiency in jowar
best time apply pesticide jowar ?,Pesticides should be applied to Jowar during early pest infestation stages or as a preventive measure.,when is the best time to apply pesticides on jowar
improve soil fertility jowar ?,"Organic matter addition, crop rotation, and balanced fertilization improve soil fertility for Jowar.",how can i improve soil fertility for jowar
